<assembly xmlns="http://maven.apache.org/plugins/maven-assembly-plugin/assembly/2.2.1"
  xmlns:xsi="http://www.w3.org/2001/XMLSchema-instance"
  xsi:schemaLocation="http://maven.apache.org/plugins/maven-assembly-plugin/assembly/2.2.1 http://maven.apache.org/xsd/assembly-2.2.1.xsd">
  <id>src</id>
  <formats>
    <format>zip</format>
  </formats>
  <fileSets>
    <fileSet>
      <directory>${project.basedir}</directory>
      <outputDirectory/>
      <useDefaultExcludes>true</useDefaultExcludes>
      <includes>
        <include>README*</include>
        <include>LICENSE*</include>
        <include>src/**</include>
        <include>contrib/**</include>
      </includes>
      <excludes>
        <exclude>target/**</exclude>
        <exclude>build/**</exclude>
      </excludes>
    </fileSet>
    <fileSet>
      <directory>src/main/resources</directory>
      <outputDirectory>bin</outputDirectory>
      <useDefaultExcludes>true</useDefaultExcludes>
      <includes>
        <include>*.sh</include>
      </includes>
    </fileSet>
	<fileSet>
      <directory>src/main/resources</directory>
      <outputDirectory>conf</outputDirectory>
      <useDefaultExcludes>true</useDefaultExcludes>
      <includes>
        <include>*.xml</include>
        <include>*.properties</include>
        <include>orbServers</include>
      </includes>
    </fileSet>
    <fileSet>
      <directory>target</directory>
      <outputDirectory/>
      <includes>
        <include>*goldenorb*.jar</include>
      </includes>
    </fileSet>
  </fileSets>
  <files>
  	<file>
  		<source>classpath.txt</source>
  		<outputDirectory>/</outputDirectory>
  	</file>
  </files>
  <dependencySets>
    <dependencySet>
      <outputDirectory>lib</outputDirectory>
      <useProjectArtifact>true</useProjectArtifact>
      <unpack>false</unpack>
      <scope>runtime</scope>
    </dependencySet>
  </dependencySets>
</assembly>
