<?xml version="1.0"?>
<?xml-stylesheet type="text/xsl" href="configuration.xsl"?>

<configuration>

  <property>
    <name>goldenOrb.orb.partition.messagehandlers.threads</name>
    <value>15</value>
    <description>Number of message handlers threads per partition.
    </description>
  </property>

  <property>
    <name>goldenOrb.orb.requestedPartitions</name>
    <value>0</value>
    <description>Requested number of partitions for this job
    </description>
  </property>

  <property>
    <name>goldenOrb.orb.reservedPartitions</name>
    <value>0</value>
    <description>Requested number of reserve partitions for this job
    </description>
  </property>

  <property>
    <name>goldenOrb.orb.partitionsPerMachine</name>
    <value>3</value>
    <description>Number of partitions per machine.
    </description>
  </property>

  <property>
    <name>fs.default.name</name>
    <value>hdfs://localhost:9000</value>
  </property>

  <property>
    <name>goldenOrb.job.heartbeatTimeout</name>
    <value>60000</value>
    <description>Timeout for job manager to monitor jobs
    </description>
  </property>

  <property>
    <name>goldenOrb.job.max.tries</name>
    <value>1</value>
    <description>Number of attempts JobManager makes before killing job
    </description>
  </property>
  
  <property>
    <name>goldenOrb.orb.partition.javaopts</name>
    <value>-Xmx512m -server -XX:+UseParallelGC -XX:+UseParallelOldGC</value>
    <description>Java VM options passed to OrbPartition processes
    </description>
  </property>

  <property>
    <name>goldenOrb.orb.partition.debug</name>
    <value>false</value>
    <description>Activates JVM debugging when launching OrbPartitions
    </description>
  </property>

  <property>
    <name>goldenOrb.orb.parition.debug.baseport</name>
    <value>8020</value>
    <description>Baseport used for debugging OrbPartitions
    </description>
  </property>

  <property>
    <name>goldenOrb.orb.partition.debug.ids</name>
    <value>*</value>
    <description>Comma-delimited list of OrbPartition IDs to launch in debug mode (* = all)
    </description>
  </property>

  <property>
    <name>goldenOrb.zookeeper.quorum</name>
    <value>localhost</value>
    <description>The server running zookeeper.
    </description>
  </property>

  <property>
    <name>goldenOrb.zookeeper.port</name>
    <value>2181</value>
    <description>The port zookeeper is using.
    </description>
  </property>

  <property>
    <name>goldenOrb.orb.launcher.networkDevice</name>
    <value>eth0</value>
    <description>Network Interface to utilize.
    </description>
  </property>

</configuration>
